{
	"frameCount": 40,
	"frames": [
		{
			"label": "STAND",
			"frame": 1,
			"tag": 0,
			"rect": [
				[
					-54.9,
					63.1
				],
				[
					84.05,
					63.1
				],
				[
					84.05,
					-104.85
				],
				[
					-54.9,
					-104.85
				]
			]
		},
		{
			"frame": 2,
			"tag": 1,
			"rect": [
				[
					-55.8,
					63.1
				],
				[
					84.65,
					63.1
				],
				[
					84.65,
					-105.85
				],
				[
					-55.8,
					-105.85
				]
			]
		},
		{
			"frame": 3,
			"tag": 2,
			"rect": [
				[
					-57.2,
					63.45
				],
				[
					84.7,
					63.45
				],
				[
					84.7,
					-106.5
				],
				[
					-57.2,
					-106.5
				]
			]
		},
		{
			"frame": 4,
			"tag": 3,
			"rect": [
				[
					-58.15,
					63.05
				],
				[
					85.35,
					63.05
				],
				[
					85.35,
					-107.4
				],
				[
					-58.15,
					-107.4
				]
			]
		},
		{
			"frame": 5,
			"tag": 4,
			"rect": [
				[
					-59.05,
					63
				],
				[
					85.9,
					63
				],
				[
					85.9,
					-108.4
				],
				[
					-59.05,
					-108.4
				]
			]
		},
		{
			"frame": 6,
			"tag": 5,
			"rect": [
				[
					-60.4,
					63.05
				],
				[
					86.05,
					63.05
				],
				[
					86.05,
					-108.9
				],
				[
					-60.4,
					-108.9
				]
			]
		},
		{
			"frame": 7,
			"tag": 6,
			"rect": [
				[
					-61.25,
					63.25
				],
				[
					86.65,
					63.25
				],
				[
					86.65,
					-109.65
				],
				[
					-61.25,
					-109.65
				]
			]
		},
		{
			"frame": 8,
			"tag": 7,
			"rect": [
				[
					-62.65,
					63.45
				],
				[
					86.8,
					63.45
				],
				[
					86.8,
					-110.5
				],
				[
					-62.65,
					-110.5
				]
			]
		},
		{
			"frame": 9,
			"tag": 8,
			"rect": [
				[
					-63.45,
					63.25
				],
				[
					87,
					63.25
				],
				[
					87,
					-111.25
				],
				[
					-63.45,
					-111.25
				]
			]
		},
		{
			"frame": 10,
			"tag": 9,
			"rect": [
				[
					-64.75,
					63
				],
				[
					87.7,
					63
				],
				[
					87.7,
					-111.9
				],
				[
					-64.75,
					-111.9
				]
			]
		},
		{
			"frame": 11,
			"tag": 10,
			"rect": [
				[
					-65.6,
					63.05
				],
				[
					87.35,
					63.05
				],
				[
					87.35,
					-111.4
				],
				[
					-65.6,
					-111.4
				]
			]
		},
		{
			"frame": 12,
			"tag": 11,
			"rect": [
				[
					-66.9,
					63.25
				],
				[
					88,
					63.25
				],
				[
					88,
					-110.75
				],
				[
					-66.9,
					-110.75
				]
			]
		},
		{
			"frame": 13,
			"tag": 12,
			"rect": [
				[
					-67.75,
					63.35
				],
				[
					88.15,
					63.35
				],
				[
					88.15,
					-110.05
				],
				[
					-67.75,
					-110.05
				]
			]
		},
		{
			"frame": 14,
			"tag": 13,
			"rect": [
				[
					-68.5,
					63
				],
				[
					88.4,
					63
				],
				[
					88.4,
					-109.45
				],
				[
					-68.5,
					-109.45
				]
			]
		},
		{
			"frame": 15,
			"tag": 14,
			"rect": [
				[
					-68.35,
					63.25
				],
				[
					88.55,
					63.25
				],
				[
					88.55,
					-108.7
				],
				[
					-68.35,
					-108.7
				]
			]
		},
		{
			"frame": 16,
			"tag": 15,
			"rect": [
				[
					-67.75,
					63.05
				],
				[
					88.2,
					63.05
				],
				[
					88.2,
					-107.85
				],
				[
					-67.75,
					-107.85
				]
			]
		},
		{
			"frame": 17,
			"tag": 16,
			"rect": [
				[
					-67.55,
					63.3
				],
				[
					88.35,
					63.3
				],
				[
					88.35,
					-107.1
				],
				[
					-67.55,
					-107.1
				]
			]
		},
		{
			"frame": 18,
			"tag": 17,
			"rect": [
				[
					-66.95,
					63.25
				],
				[
					88,
					63.25
				],
				[
					88,
					-106.7
				],
				[
					-66.95,
					-106.7
				]
			]
		},
		{
			"frame": 19,
			"tag": 18,
			"rect": [
				[
					-66.25,
					63.2
				],
				[
					87.65,
					63.2
				],
				[
					87.65,
					-105.75
				],
				[
					-66.25,
					-105.75
				]
			]
		},
		{
			"frame": 20,
			"tag": 19,
			"rect": [
				[
					-65.65,
					63.1
				],
				[
					87.8,
					63.1
				],
				[
					87.8,
					-104.85
				],
				[
					-65.65,
					-104.85
				]
			]
		},
		{
			"frame": 21,
			"tag": 20,
			"rect": [
				[
					-64.95,
					63.4
				],
				[
					87.45,
					63.4
				],
				[
					87.45,
					-105.05
				],
				[
					-64.95,
					-105.05
				]
			]
		},
		{
			"frame": 22,
			"tag": 21,
			"rect": [
				[
					-64.75,
					63.15
				],
				[
					87.2,
					63.15
				],
				[
					87.2,
					-105.3
				],
				[
					-64.75,
					-105.3
				]
			]
		},
		{
			"frame": 23,
			"tag": 22,
			"rect": [
				[
					-64.15,
					63
				],
				[
					87.35,
					63
				],
				[
					87.35,
					-105.45
				],
				[
					-64.15,
					-105.45
				]
			]
		},
		{
			"frame": 24,
			"tag": 23,
			"rect": [
				[
					-63.5,
					63.25
				],
				[
					86.9,
					63.25
				],
				[
					86.9,
					-105.15
				],
				[
					-63.5,
					-105.15
				]
			]
		},
		{
			"frame": 25,
			"tag": 24,
			"rect": [
				[
					-62.85,
					63.2
				],
				[
					86.6,
					63.2
				],
				[
					86.6,
					-105.75
				],
				[
					-62.85,
					-105.75
				]
			]
		},
		{
			"frame": 26,
			"tag": 25,
			"rect": [
				[
					-62.65,
					63.15
				],
				[
					86.8,
					63.15
				],
				[
					86.8,
					-106.3
				],
				[
					-62.65,
					-106.3
				]
			]
		},
		{
			"frame": 27,
			"tag": 26,
			"rect": [
				[
					-61.95,
					63.1
				],
				[
					86.5,
					63.1
				],
				[
					86.5,
					-106.8
				],
				[
					-61.95,
					-106.8
				]
			]
		},
		{
			"frame": 28,
			"tag": 27,
			"rect": [
				[
					-61.25,
					63.3
				],
				[
					86.2,
					63.3
				],
				[
					86.2,
					-107.15
				],
				[
					-61.25,
					-107.15
				]
			]
		},
		{
			"frame": 29,
			"tag": 28,
			"rect": [
				[
					-61.05,
					63.4
				],
				[
					86.35,
					63.4
				],
				[
					86.35,
					-107.5
				],
				[
					-61.05,
					-107.5
				]
			]
		},
		{
			"frame": 30,
			"tag": 29,
			"rect": [
				[
					-60.4,
					63.05
				],
				[
					86.05,
					63.05
				],
				[
					86.05,
					-107.85
				],
				[
					-60.4,
					-107.85
				]
			]
		},
		{
			"frame": 31,
			"tag": 30,
			"rect": [
				[
					-59.7,
					63.4
				],
				[
					85.75,
					63.4
				],
				[
					85.75,
					-107.55
				],
				[
					-59.7,
					-107.55
				]
			]
		},
		{
			"frame": 32,
			"tag": 31,
			"rect": [
				[
					-59.05,
					63.25
				],
				[
					85.9,
					63.25
				],
				[
					85.9,
					-107.2
				],
				[
					-59.05,
					-107.2
				]
			]
		},
		{
			"frame": 33,
			"tag": 32,
			"rect": [
				[
					-58.8,
					63.1
				],
				[
					85.65,
					63.1
				],
				[
					85.65,
					-106.85
				],
				[
					-58.8,
					-106.85
				]
			]
		},
		{
			"frame": 34,
			"tag": 33,
			"rect": [
				[
					-58.15,
					63.2
				],
				[
					85.35,
					63.2
				],
				[
					85.35,
					-106.25
				],
				[
					-58.15,
					-106.25
				]
			]
		},
		{
			"frame": 35,
			"tag": 34,
			"rect": [
				[
					-57.4,
					63.15
				],
				[
					85,
					63.15
				],
				[
					85,
					-105.75
				],
				[
					-57.4,
					-105.75
				]
			]
		},
		{
			"frame": 36,
			"tag": 35,
			"rect": [
				[
					-57.2,
					63.2
				],
				[
					84.7,
					63.2
				],
				[
					84.7,
					-105.2
				],
				[
					-57.2,
					-105.2
				]
			]
		},
		{
			"frame": 37,
			"tag": 36,
			"rect": [
				[
					-56.5,
					63
				],
				[
					84.95,
					63
				],
				[
					84.95,
					-105.45
				],
				[
					-56.5,
					-105.45
				]
			]
		},
		{
			"frame": 38,
			"tag": 37,
			"rect": [
				[
					-55.8,
					63.1
				],
				[
					84.65,
					63.1
				],
				[
					84.65,
					-105.35
				],
				[
					-55.8,
					-105.35
				]
			]
		},
		{
			"frame": 39,
			"tag": 38,
			"rect": [
				[
					-55.55,
					63.4
				],
				[
					84.4,
					63.4
				],
				[
					84.4,
					-105.05
				],
				[
					-55.55,
					-105.05
				]
			]
		},
		{
			"frame": 40,
			"tag": 0,
			"rect": [
				[
					-54.9,
					63.1
				],
				[
					84.05,
					63.1
				],
				[
					84.05,
					-104.85
				],
				[
					-54.9,
					-104.85
				]
			]
		}
	],
	"type": "gameover",
	"collisionBox": [
		517.55,
		333.05,
		73,
		44.25
	],
	"sprites": [
		[
			"gameover",
			0,
			0,
			279,
			337
		],
		[
			"gameover",
			279,
			0,
			282,
			339
		],
		[
			"gameover",
			561,
			0,
			285,
			341
		],
		[
			"gameover",
			846,
			0,
			288,
			342
		],
		[
			"gameover",
			1134,
			0,
			291,
			344
		],
		[
			"gameover",
			1425,
			0,
			294,
			345
		],
		[
			"gameover",
			1719,
			0,
			297,
			347
		],
		[
			"gameover",
			0,
			347,
			300,
			349
		],
		[
			"gameover",
			300,
			347,
			302,
			350
		],
		[
			"gameover",
			602,
			347,
			306,
			351
		],
		[
			"gameover",
			908,
			347,
			307,
			350
		],
		[
			"gameover",
			1215,
			347,
			311,
			349
		],
		[
			"gameover",
			1526,
			347,
			313,
			348
		],
		[
			"gameover",
			1839,
			347,
			315,
			346
		],
		[
			"gameover",
			0,
			698,
			315,
			345
		],
		[
			"gameover",
			315,
			698,
			313,
			343
		],
		[
			"gameover",
			628,
			698,
			313,
			342
		],
		[
			"gameover",
			941,
			698,
			311,
			341
		],
		[
			"gameover",
			1252,
			698,
			309,
			339
		],
		[
			"gameover",
			1561,
			698,
			308,
			337
		],
		[
			"gameover",
			1869,
			698,
			306,
			338
		],
		[
			"gameover",
			0,
			1043,
			305,
			338
		],
		[
			"gameover",
			305,
			1043,
			304,
			338
		],
		[
			"gameover",
			609,
			1043,
			302,
			338
		],
		[
			"gameover",
			911,
			1043,
			300,
			339
		],
		[
			"gameover",
			1211,
			1043,
			300,
			340
		],
		[
			"gameover",
			1511,
			1043,
			298,
			341
		],
		[
			"gameover",
			1809,
			1043,
			296,
			342
		],
		[
			"gameover",
			0,
			1385,
			296,
			343
		],
		[
			"gameover",
			296,
			1385,
			294,
			343
		],
		[
			"gameover",
			590,
			1385,
			292,
			343
		],
		[
			"gameover",
			882,
			1385,
			291,
			342
		],
		[
			"gameover",
			1173,
			1385,
			290,
			341
		],
		[
			"gameover",
			1463,
			1385,
			288,
			340
		],
		[
			"gameover",
			1751,
			1385,
			286,
			339
		],
		[
			"gameover",
			0,
			1728,
			285,
			338
		],
		[
			"gameover",
			285,
			1728,
			284,
			338
		],
		[
			"gameover",
			569,
			1728,
			282,
			338
		],
		[
			"gameover",
			851,
			1728,
			281,
			338
		]
	]
}