{
	"frameCount": 30,
	"frames": [
		{
			"label": "RUN",
			"frame": 1,
			"tag": 0,
			"rect": [
				[
					-109.65,
					42.4
				],
				[
					76.85,
					42.4
				],
				[
					76.85,
					-75.6
				],
				[
					-109.65,
					-75.6
				]
			]
		},
		{
			"frame": 2,
			"tag": 1,
			"rect": [
				[
					-117.15,
					46.95
				],
				[
					84.3,
					46.95
				],
				[
					84.3,
					-80
				],
				[
					-117.15,
					-80
				]
			]
		},
		{
			"frame": 3,
			"tag": 2,
			"rect": [
				[
					-123.45,
					51.3
				],
				[
					90.05,
					51.3
				],
				[
					90.05,
					-83.7
				],
				[
					-123.45,
					-83.7
				]
			]
		},
		{
			"frame": 4,
			"tag": 3,
			"rect": [
				[
					-128.55,
					54.4
				],
				[
					94.9,
					54.4
				],
				[
					94.9,
					-86.55
				],
				[
					-128.55,
					-86.55
				]
			]
		},
		{
			"frame": 5,
			"tag": 4,
			"rect": [
				[
					-132.6,
					57.25
				],
				[
					98.9,
					57.25
				],
				[
					98.9,
					-89.25
				],
				[
					-132.6,
					-89.25
				]
			]
		},
		{
			"frame": 6,
			"tag": 5,
			"rect": [
				[
					-135.5,
					59.3
				],
				[
					101.95,
					59.3
				],
				[
					101.95,
					-90.65
				],
				[
					-135.5,
					-90.65
				]
			]
		},
		{
			"frame": 7,
			"tag": 6,
			"rect": [
				[
					-137.25,
					60.2
				],
				[
					103.7,
					60.2
				],
				[
					103.7,
					-91.75
				],
				[
					-137.25,
					-91.75
				]
			]
		},
		{
			"frame": 8,
			"tag": 7,
			"rect": [
				[
					-137.65,
					60.8
				],
				[
					103.8,
					60.8
				],
				[
					103.8,
					-92.15
				],
				[
					-137.65,
					-92.15
				]
			]
		},
		{
			"frame": 9,
			"tag": 8,
			"rect": [
				[
					-137.1,
					60.25
				],
				[
					103.4,
					60.25
				],
				[
					103.4,
					-91.75
				],
				[
					-137.1,
					-91.75
				]
			]
		},
		{
			"frame": 10,
			"tag": 9,
			"rect": [
				[
					-135.45,
					59.35
				],
				[
					101.55,
					59.35
				],
				[
					101.55,
					-90.65
				],
				[
					-135.45,
					-90.65
				]
			]
		},
		{
			"frame": 11,
			"tag": 10,
			"rect": [
				[
					-132.5,
					57.3
				],
				[
					99,
					57.3
				],
				[
					99,
					-88.7
				],
				[
					-132.5,
					-88.7
				]
			]
		},
		{
			"frame": 12,
			"tag": 11,
			"rect": [
				[
					-128.5,
					54.95
				],
				[
					95,
					54.95
				],
				[
					95,
					-86.55
				],
				[
					-128.5,
					-86.55
				]
			]
		},
		{
			"frame": 13,
			"tag": 12,
			"rect": [
				[
					-123.35,
					51.3
				],
				[
					90.15,
					51.3
				],
				[
					90.15,
					-83.7
				],
				[
					-123.35,
					-83.7
				]
			]
		},
		{
			"frame": 14,
			"tag": 13,
			"rect": [
				[
					-117.1,
					46.95
				],
				[
					83.85,
					46.95
				],
				[
					83.85,
					-80
				],
				[
					-117.1,
					-80
				]
			]
		},
		{
			"frame": 15,
			"tag": 0,
			"rect": [
				[
					-109.65,
					42.4
				],
				[
					76.85,
					42.4
				],
				[
					76.85,
					-75.6
				],
				[
					-109.65,
					-75.6
				]
			]
		},
		{
			"frame": 16,
			"tag": 14,
			"rect": [
				[
					-71.7,
					42.4
				],
				[
					114.8,
					42.4
				],
				[
					114.8,
					-75.6
				],
				[
					-71.7,
					-75.6
				]
			]
		},
		{
			"frame": 17,
			"tag": 15,
			"rect": [
				[
					-79.25,
					47.55
				],
				[
					122.75,
					47.55
				],
				[
					122.75,
					-80.4
				],
				[
					-79.25,
					-80.4
				]
			]
		},
		{
			"frame": 18,
			"tag": 16,
			"rect": [
				[
					-86.05,
					52.05
				],
				[
					129.45,
					52.05
				],
				[
					129.45,
					-84.45
				],
				[
					-86.05,
					-84.45
				]
			]
		},
		{
			"frame": 19,
			"tag": 17,
			"rect": [
				[
					-91.75,
					55.8
				],
				[
					135.25,
					55.8
				],
				[
					135.25,
					-87.7
				],
				[
					-91.75,
					-87.7
				]
			]
		},
		{
			"frame": 20,
			"tag": 18,
			"rect": [
				[
					-95.55,
					58.4
				],
				[
					139.4,
					58.4
				],
				[
					139.4,
					-90.05
				],
				[
					-95.55,
					-90.05
				]
			]
		},
		{
			"frame": 21,
			"tag": 19,
			"rect": [
				[
					-98.6,
					60.4
				],
				[
					142.85,
					60.4
				],
				[
					142.85,
					-92.05
				],
				[
					-98.6,
					-92.05
				]
			]
		},
		{
			"frame": 22,
			"tag": 20,
			"rect": [
				[
					-100.5,
					61.65
				],
				[
					144.45,
					61.65
				],
				[
					144.45,
					-93.3
				],
				[
					-100.5,
					-93.3
				]
			]
		},
		{
			"frame": 23,
			"tag": 21,
			"rect": [
				[
					-101.1,
					62.3
				],
				[
					145.4,
					62.3
				],
				[
					145.4,
					-93.2
				],
				[
					-101.1,
					-93.2
				]
			]
		},
		{
			"frame": 24,
			"tag": 22,
			"rect": [
				[
					-100.45,
					61.65
				],
				[
					144.5,
					61.65
				],
				[
					144.5,
					-93.3
				],
				[
					-100.45,
					-93.3
				]
			]
		},
		{
			"frame": 25,
			"tag": 23,
			"rect": [
				[
					-98.55,
					60.95
				],
				[
					142.45,
					60.95
				],
				[
					142.45,
					-92.05
				],
				[
					-98.55,
					-92.05
				]
			]
		},
		{
			"frame": 26,
			"tag": 24,
			"rect": [
				[
					-95.5,
					58.4
				],
				[
					139.45,
					58.4
				],
				[
					139.45,
					-90.05
				],
				[
					-95.5,
					-90.05
				]
			]
		},
		{
			"frame": 27,
			"tag": 25,
			"rect": [
				[
					-91.65,
					55.85
				],
				[
					135.35,
					55.85
				],
				[
					135.35,
					-87.65
				],
				[
					-91.65,
					-87.65
				]
			]
		},
		{
			"frame": 28,
			"tag": 26,
			"rect": [
				[
					-86.05,
					52
				],
				[
					129.4,
					52
				],
				[
					129.4,
					-84.45
				],
				[
					-86.05,
					-84.45
				]
			]
		},
		{
			"frame": 29,
			"tag": 27,
			"rect": [
				[
					-79.2,
					47.65
				],
				[
					122.8,
					47.65
				],
				[
					122.8,
					-80.35
				],
				[
					-79.2,
					-80.35
				]
			]
		},
		{
			"frame": 30,
			"tag": 14,
			"rect": [
				[
					-71.7,
					42.4
				],
				[
					114.8,
					42.4
				],
				[
					114.8,
					-75.6
				],
				[
					-71.7,
					-75.6
				]
			]
		}
	],
	"type": "run",
	"collisionBox": [
		326.6,
		349.15,
		92.25,
		55.950000000000045
	],
	"sprites": [
		[
			"run",
			0,
			0,
			374,
			237
		],
		[
			"run",
			374,
			0,
			404,
			255
		],
		[
			"run",
			778,
			0,
			428,
			271
		],
		[
			"run",
			1206,
			0,
			448,
			283
		],
		[
			"run",
			1654,
			0,
			464,
			294
		],
		[
			"run",
			0,
			294,
			476,
			301
		],
		[
			"run",
			476,
			294,
			483,
			305
		],
		[
			"run",
			959,
			294,
			484,
			307
		],
		[
			"run",
			1443,
			294,
			482,
			305
		],
		[
			"run",
			1925,
			294,
			475,
			301
		],
		[
			"run",
			0,
			601,
			464,
			293
		],
		[
			"run",
			464,
			601,
			448,
			284
		],
		[
			"run",
			912,
			601,
			428,
			271
		],
		[
			"run",
			1340,
			601,
			403,
			255
		],
		[
			"run",
			1743,
			601,
			374,
			237
		],
		[
			"run",
			2117,
			601,
			405,
			257
		],
		[
			"run",
			0,
			894,
			432,
			274
		],
		[
			"run",
			432,
			894,
			455,
			288
		],
		[
			"run",
			887,
			894,
			471,
			298
		],
		[
			"run",
			1358,
			894,
			484,
			306
		],
		[
			"run",
			1842,
			894,
			491,
			311
		],
		[
			"run",
			0,
			1205,
			494,
			312
		],
		[
			"run",
			494,
			1205,
			491,
			311
		],
		[
			"run",
			985,
			1205,
			483,
			307
		],
		[
			"run",
			1468,
			1205,
			471,
			298
		],
		[
			"run",
			1939,
			1205,
			455,
			288
		],
		[
			"run",
			0,
			1517,
			432,
			274
		],
		[
			"run",
			432,
			1517,
			405,
			257
		]
	]
}