{
	"frameCount": 23,
	"frames": [
		{
			"frame": 1,
			"tag": 0,
			"rect": [
				[
					-96.15,
					25.8
				],
				[
					100.3,
					25.8
				],
				[
					100.3,
					-172.15
				],
				[
					-96.15,
					-172.15
				]
			]
		},
		{
			"frame": 2,
			"tag": 1,
			"rect": [
				[
					-97.15,
					25.8
				],
				[
					98.3,
					25.8
				],
				[
					98.3,
					-168.65
				],
				[
					-97.15,
					-168.65
				]
			]
		},
		{
			"frame": 3,
			"tag": 2,
			"rect": [
				[
					-97.65,
					25.8
				],
				[
					96.8,
					25.8
				],
				[
					96.8,
					-165.15
				],
				[
					-97.65,
					-165.15
				]
			]
		},
		{
			"frame": 4,
			"tag": 3,
			"rect": [
				[
					-98.65,
					25.8
				],
				[
					95.3,
					25.8
				],
				[
					95.3,
					-167.15
				],
				[
					-98.65,
					-167.15
				]
			]
		},
		{
			"frame": 5,
			"tag": 4,
			"rect": [
				[
					-99.65,
					25.8
				],
				[
					94.3,
					25.8
				],
				[
					94.3,
					-170.65
				],
				[
					-99.65,
					-170.65
				]
			]
		},
		{
			"frame": 6,
			"tag": 5,
			"rect": [
				[
					-100.65,
					25.8
				],
				[
					110.3,
					25.8
				],
				[
					110.3,
					-174.15
				],
				[
					-100.65,
					-174.15
				]
			]
		},
		{
			"frame": 7,
			"tag": 6,
			"rect": [
				[
					-101.65,
					25.85
				],
				[
					109.3,
					25.85
				],
				[
					109.3,
					-177.6
				],
				[
					-101.65,
					-177.6
				]
			]
		},
		{
			"frame": 8,
			"tag": 7,
			"rect": [
				[
					-102.15,
					25.8
				],
				[
					107.3,
					25.8
				],
				[
					107.3,
					-163.65
				],
				[
					-102.15,
					-163.65
				]
			]
		},
		{
			"frame": 9,
			"tag": 8,
			"rect": [
				[
					-103.15,
					25.8
				],
				[
					105.3,
					25.8
				],
				[
					105.3,
					-160.65
				],
				[
					-103.15,
					-160.65
				]
			]
		},
		{
			"frame": 10,
			"tag": 9,
			"rect": [
				[
					-104.15,
					25.8
				],
				[
					103.8,
					25.8
				],
				[
					103.8,
					-158.15
				],
				[
					-104.15,
					-158.15
				]
			]
		},
		{
			"frame": 11,
			"tag": 10,
			"rect": [
				[
					-104.95,
					25.8
				],
				[
					102.05,
					25.8
				],
				[
					102.05,
					-158.15
				],
				[
					-104.95,
					-158.15
				]
			]
		},
		{
			"frame": 12,
			"tag": 0,
			"rect": [
				[
					-96.15,
					25.8
				],
				[
					100.3,
					25.8
				],
				[
					100.3,
					-172.15
				],
				[
					-96.15,
					-172.15
				]
			]
		},
		{
			"frame": 13,
			"tag": 1,
			"rect": [
				[
					-97.15,
					25.8
				],
				[
					98.3,
					25.8
				],
				[
					98.3,
					-168.65
				],
				[
					-97.15,
					-168.65
				]
			]
		},
		{
			"frame": 14,
			"tag": 2,
			"rect": [
				[
					-97.65,
					25.8
				],
				[
					96.8,
					25.8
				],
				[
					96.8,
					-165.15
				],
				[
					-97.65,
					-165.15
				]
			]
		},
		{
			"frame": 15,
			"tag": 3,
			"rect": [
				[
					-98.65,
					25.8
				],
				[
					95.3,
					25.8
				],
				[
					95.3,
					-167.15
				],
				[
					-98.65,
					-167.15
				]
			]
		},
		{
			"frame": 16,
			"tag": 4,
			"rect": [
				[
					-99.65,
					25.8
				],
				[
					94.3,
					25.8
				],
				[
					94.3,
					-170.65
				],
				[
					-99.65,
					-170.65
				]
			]
		},
		{
			"frame": 17,
			"tag": 5,
			"rect": [
				[
					-100.65,
					25.8
				],
				[
					110.3,
					25.8
				],
				[
					110.3,
					-174.15
				],
				[
					-100.65,
					-174.15
				]
			]
		},
		{
			"frame": 18,
			"tag": 6,
			"rect": [
				[
					-101.65,
					25.85
				],
				[
					109.3,
					25.85
				],
				[
					109.3,
					-177.6
				],
				[
					-101.65,
					-177.6
				]
			]
		},
		{
			"frame": 19,
			"tag": 7,
			"rect": [
				[
					-102.15,
					25.8
				],
				[
					107.3,
					25.8
				],
				[
					107.3,
					-163.65
				],
				[
					-102.15,
					-163.65
				]
			]
		},
		{
			"frame": 20,
			"tag": 8,
			"rect": [
				[
					-103.15,
					25.8
				],
				[
					105.3,
					25.8
				],
				[
					105.3,
					-160.65
				],
				[
					-103.15,
					-160.65
				]
			]
		},
		{
			"frame": 21,
			"tag": 9,
			"rect": [
				[
					-104.15,
					25.8
				],
				[
					103.8,
					25.8
				],
				[
					103.8,
					-158.15
				],
				[
					-104.15,
					-158.15
				]
			]
		},
		{
			"frame": 22,
			"tag": 10,
			"rect": [
				[
					-104.95,
					25.8
				],
				[
					102.05,
					25.8
				],
				[
					102.05,
					-158.15
				],
				[
					-104.95,
					-158.15
				]
			]
		},
		{
			"frame": 23,
			"tag": 0,
			"rect": [
				[
					-96.15,
					25.8
				],
				[
					100.3,
					25.8
				],
				[
					100.3,
					-172.15
				],
				[
					-96.15,
					-172.15
				]
			]
		}
	],
	"type": "zombiedead",
	"collisionBox": [
		597.3,
		107.45,
		58.10000000000002,
		35.249999999999986
	],
	"sprites": [
		[
			"zombiedead",
			0,
			0,
			394,
			397
		],
		[
			"zombiedead",
			394,
			0,
			392,
			390
		],
		[
			"zombiedead",
			786,
			0,
			390,
			383
		],
		[
			"zombiedead",
			1176,
			0,
			389,
			387
		],
		[
			"zombiedead",
			1565,
			0,
			389,
			394
		],
		[
			"zombiedead",
			0,
			397,
			423,
			401
		],
		[
			"zombiedead",
			423,
			397,
			423,
			408
		],
		[
			"zombiedead",
			846,
			397,
			420,
			380
		],
		[
			"zombiedead",
			1266,
			397,
			418,
			374
		],
		[
			"zombiedead",
			0,
			805,
			417,
			369
		],
		[
			"zombiedead",
			417,
			805,
			415,
			369
		]
	]
}