{
	"frameCount": 40,
	"frames": [
		{
			"frame": 1,
			"tag": 0,
			"rect": [
				[
					-58.55,
					53.9
				],
				[
					58.55,
					53.9
				],
				[
					58.55,
					-53.85
				],
				[
					-58.55,
					-53.85
				]
			]
		},
		{
			"frame": 2,
			"tag": 1,
			"rect": [
				[
					-59.95,
					54.8
				],
				[
					57.55,
					54.8
				],
				[
					57.55,
					-53.7
				],
				[
					-59.95,
					-53.7
				]
			]
		},
		{
			"frame": 3,
			"tag": 2,
			"rect": [
				[
					-61.35,
					55.8
				],
				[
					57.1,
					55.8
				],
				[
					57.1,
					-53.65
				],
				[
					-61.35,
					-53.65
				]
			]
		},
		{
			"frame": 4,
			"tag": 3,
			"rect": [
				[
					-62.7,
					57.3
				],
				[
					56.8,
					57.3
				],
				[
					56.8,
					-53.15
				],
				[
					-62.7,
					-53.15
				]
			]
		},
		{
			"frame": 5,
			"tag": 4,
			"rect": [
				[
					-64.05,
					58.35
				],
				[
					56.4,
					58.35
				],
				[
					56.4,
					-53.1
				],
				[
					-64.05,
					-53.1
				]
			]
		},
		{
			"frame": 6,
			"tag": 5,
			"rect": [
				[
					-64.9,
					59.95
				],
				[
					55.6,
					59.95
				],
				[
					55.6,
					-53
				],
				[
					-64.9,
					-53
				]
			]
		},
		{
			"frame": 7,
			"tag": 6,
			"rect": [
				[
					-66,
					61.05
				],
				[
					55.45,
					61.05
				],
				[
					55.45,
					-53.9
				],
				[
					-66,
					-53.9
				]
			]
		},
		{
			"frame": 8,
			"tag": 7,
			"rect": [
				[
					-67.15,
					62.05
				],
				[
					54.85,
					62.05
				],
				[
					54.85,
					-54.4
				],
				[
					-67.15,
					-54.4
				]
			]
		},
		{
			"frame": 9,
			"tag": 8,
			"rect": [
				[
					-68.25,
					63.65
				],
				[
					54.25,
					63.65
				],
				[
					54.25,
					-55.3
				],
				[
					-68.25,
					-55.3
				]
			]
		},
		{
			"frame": 10,
			"tag": 9,
			"rect": [
				[
					-69.3,
					64.85
				],
				[
					54.15,
					64.85
				],
				[
					54.15,
					-56.1
				],
				[
					-69.3,
					-56.1
				]
			]
		},
		{
			"frame": 11,
			"tag": 10,
			"rect": [
				[
					-68.4,
					63.55
				],
				[
					54.1,
					63.55
				],
				[
					54.1,
					-55.4
				],
				[
					-68.4,
					-55.4
				]
			]
		},
		{
			"frame": 12,
			"tag": 11,
			"rect": [
				[
					-67.45,
					62.85
				],
				[
					54.5,
					62.85
				],
				[
					54.5,
					-54.65
				],
				[
					-67.45,
					-54.65
				]
			]
		},
		{
			"frame": 13,
			"tag": 12,
			"rect": [
				[
					-66.45,
					61.15
				],
				[
					55,
					61.15
				],
				[
					55,
					-53.85
				],
				[
					-66.45,
					-53.85
				]
			]
		},
		{
			"frame": 14,
			"tag": 13,
			"rect": [
				[
					-65.5,
					60.35
				],
				[
					55.5,
					60.35
				],
				[
					55.5,
					-53.1
				],
				[
					-65.5,
					-53.1
				]
			]
		},
		{
			"frame": 15,
			"tag": 14,
			"rect": [
				[
					-64.35,
					59.05
				],
				[
					56.1,
					59.05
				],
				[
					56.1,
					-52.9
				],
				[
					-64.35,
					-52.9
				]
			]
		},
		{
			"frame": 16,
			"tag": 15,
			"rect": [
				[
					-63.25,
					58
				],
				[
					56.2,
					58
				],
				[
					56.2,
					-52.95
				],
				[
					-63.25,
					-52.95
				]
			]
		},
		{
			"frame": 17,
			"tag": 16,
			"rect": [
				[
					-62.2,
					56.85
				],
				[
					56.8,
					56.85
				],
				[
					56.8,
					-53.1
				],
				[
					-62.2,
					-53.1
				]
			]
		},
		{
			"frame": 18,
			"tag": 17,
			"rect": [
				[
					-60.9,
					55.75
				],
				[
					57,
					55.75
				],
				[
					57,
					-53.65
				],
				[
					-60.9,
					-53.65
				]
			]
		},
		{
			"frame": 19,
			"tag": 18,
			"rect": [
				[
					-60.15,
					54.85
				],
				[
					57.3,
					54.85
				],
				[
					57.3,
					-53.65
				],
				[
					-60.15,
					-53.65
				]
			]
		},
		{
			"frame": 20,
			"tag": 0,
			"rect": [
				[
					-58.55,
					53.9
				],
				[
					58.55,
					53.9
				],
				[
					58.55,
					-53.85
				],
				[
					-58.55,
					-53.85
				]
			]
		},
		{
			"frame": 21,
			"tag": 19,
			"rect": [
				[
					-57.85,
					54.6
				],
				[
					59.6,
					54.6
				],
				[
					59.6,
					-53.9
				],
				[
					-57.85,
					-53.9
				]
			]
		},
		{
			"frame": 22,
			"tag": 20,
			"rect": [
				[
					-56.75,
					55.6
				],
				[
					60.75,
					55.6
				],
				[
					60.75,
					-53.9
				],
				[
					-56.75,
					-53.9
				]
			]
		},
		{
			"frame": 23,
			"tag": 21,
			"rect": [
				[
					-56,
					56.9
				],
				[
					61.45,
					56.9
				],
				[
					61.45,
					-54.1
				],
				[
					-56,
					-54.1
				]
			]
		},
		{
			"frame": 24,
			"tag": 22,
			"rect": [
				[
					-55.45,
					57.75
				],
				[
					62.5,
					57.75
				],
				[
					62.5,
					-54.25
				],
				[
					-55.45,
					-54.25
				]
			]
		},
		{
			"frame": 25,
			"tag": 23,
			"rect": [
				[
					-54.75,
					58.5
				],
				[
					63.7,
					58.5
				],
				[
					63.7,
					-53.95
				],
				[
					-54.75,
					-53.95
				]
			]
		},
		{
			"frame": 26,
			"tag": 24,
			"rect": [
				[
					-54,
					59.85
				],
				[
					64.45,
					59.85
				],
				[
					64.45,
					-54.15
				],
				[
					-54,
					-54.15
				]
			]
		},
		{
			"frame": 27,
			"tag": 25,
			"rect": [
				[
					-53.55,
					60.6
				],
				[
					65.4,
					60.6
				],
				[
					65.4,
					-53.9
				],
				[
					-53.55,
					-53.9
				]
			]
		},
		{
			"frame": 28,
			"tag": 26,
			"rect": [
				[
					-54.45,
					62.05
				],
				[
					66.45,
					62.05
				],
				[
					66.45,
					-53.9
				],
				[
					-54.45,
					-53.9
				]
			]
		},
		{
			"frame": 29,
			"tag": 27,
			"rect": [
				[
					-54.8,
					62.55
				],
				[
					67.15,
					62.55
				],
				[
					67.15,
					-53.85
				],
				[
					-54.8,
					-53.85
				]
			]
		},
		{
			"frame": 30,
			"tag": 28,
			"rect": [
				[
					-55.6,
					63.55
				],
				[
					67.9,
					63.55
				],
				[
					67.9,
					-53.9
				],
				[
					-55.6,
					-53.9
				]
			]
		},
		{
			"frame": 31,
			"tag": 29,
			"rect": [
				[
					-54.75,
					62.55
				],
				[
					67.2,
					62.55
				],
				[
					67.2,
					-53.85
				],
				[
					-54.75,
					-53.85
				]
			]
		},
		{
			"frame": 32,
			"tag": 30,
			"rect": [
				[
					-54.45,
					61.6
				],
				[
					66.05,
					61.6
				],
				[
					66.05,
					-53.85
				],
				[
					-54.45,
					-53.85
				]
			]
		},
		{
			"frame": 33,
			"tag": 31,
			"rect": [
				[
					-53.5,
					60.6
				],
				[
					65.45,
					60.6
				],
				[
					65.45,
					-53.85
				],
				[
					-53.5,
					-53.85
				]
			]
		},
		{
			"frame": 34,
			"tag": 32,
			"rect": [
				[
					-53.95,
					59.85
				],
				[
					64.5,
					59.85
				],
				[
					64.5,
					-54.1
				],
				[
					-53.95,
					-54.1
				]
			]
		},
		{
			"frame": 35,
			"tag": 33,
			"rect": [
				[
					-54.7,
					59.05
				],
				[
					63.3,
					59.05
				],
				[
					63.3,
					-53.95
				],
				[
					-54.7,
					-53.95
				]
			]
		},
		{
			"frame": 36,
			"tag": 34,
			"rect": [
				[
					-55.35,
					57.75
				],
				[
					62.55,
					57.75
				],
				[
					62.55,
					-54.25
				],
				[
					-55.35,
					-54.25
				]
			]
		},
		{
			"frame": 37,
			"tag": 35,
			"rect": [
				[
					-55.9,
					56.95
				],
				[
					61.5,
					56.95
				],
				[
					61.5,
					-54
				],
				[
					-55.9,
					-54
				]
			]
		},
		{
			"frame": 38,
			"tag": 36,
			"rect": [
				[
					-56.65,
					55.65
				],
				[
					60.35,
					55.65
				],
				[
					60.35,
					-53.85
				],
				[
					-56.65,
					-53.85
				]
			]
		},
		{
			"frame": 39,
			"tag": 37,
			"rect": [
				[
					-57.75,
					54.65
				],
				[
					59.2,
					54.65
				],
				[
					59.2,
					-53.8
				],
				[
					-57.75,
					-53.8
				]
			]
		},
		{
			"frame": 40,
			"tag": 0,
			"rect": [
				[
					-58.55,
					53.9
				],
				[
					58.55,
					53.9
				],
				[
					58.55,
					-53.85
				],
				[
					-58.55,
					-53.85
				]
			]
		}
	],
	"type": "zombiewalk",
	"collisionBox": [
		391.7,
		189.2,
		55.400000000000034,
		33.60000000000002
	],
	"sprites": [
		[
			"zombiewalk",
			0,
			0,
			234,
			215
		],
		[
			"zombiewalk",
			234,
			0,
			236,
			218
		],
		[
			"zombiewalk",
			470,
			0,
			238,
			220
		],
		[
			"zombiewalk",
			708,
			0,
			240,
			222
		],
		[
			"zombiewalk",
			948,
			0,
			242,
			224
		],
		[
			"zombiewalk",
			1190,
			0,
			242,
			227
		],
		[
			"zombiewalk",
			0,
			227,
			244,
			231
		],
		[
			"zombiewalk",
			244,
			227,
			245,
			234
		],
		[
			"zombiewalk",
			489,
			227,
			246,
			239
		],
		[
			"zombiewalk",
			735,
			227,
			248,
			243
		],
		[
			"zombiewalk",
			983,
			227,
			246,
			239
		],
		[
			"zombiewalk",
			1229,
			227,
			245,
			236
		],
		[
			"zombiewalk",
			0,
			470,
			244,
			231
		],
		[
			"zombiewalk",
			244,
			470,
			243,
			228
		],
		[
			"zombiewalk",
			487,
			470,
			242,
			225
		],
		[
			"zombiewalk",
			729,
			470,
			240,
			223
		],
		[
			"zombiewalk",
			969,
			470,
			239,
			221
		],
		[
			"zombiewalk",
			1208,
			470,
			237,
			220
		],
		[
			"zombiewalk",
			0,
			701,
			236,
			218
		],
		[
			"zombiewalk",
			236,
			701,
			236,
			218
		],
		[
			"zombiewalk",
			472,
			701,
			236,
			220
		],
		[
			"zombiewalk",
			708,
			701,
			236,
			223
		],
		[
			"zombiewalk",
			944,
			701,
			237,
			225
		],
		[
			"zombiewalk",
			1181,
			701,
			238,
			226
		],
		[
			"zombiewalk",
			1419,
			701,
			238,
			229
		],
		[
			"zombiewalk",
			0,
			930,
			239,
			230
		],
		[
			"zombiewalk",
			239,
			930,
			243,
			233
		],
		[
			"zombiewalk",
			482,
			930,
			245,
			234
		],
		[
			"zombiewalk",
			727,
			930,
			248,
			236
		],
		[
			"zombiewalk",
			975,
			930,
			245,
			234
		],
		[
			"zombiewalk",
			1220,
			930,
			242,
			232
		],
		[
			"zombiewalk",
			0,
			1166,
			239,
			230
		],
		[
			"zombiewalk",
			239,
			1166,
			238,
			229
		],
		[
			"zombiewalk",
			477,
			1166,
			237,
			227
		],
		[
			"zombiewalk",
			714,
			1166,
			237,
			225
		],
		[
			"zombiewalk",
			951,
			1166,
			236,
			223
		],
		[
			"zombiewalk",
			1187,
			1166,
			235,
			220
		],
		[
			"zombiewalk",
			1422,
			1166,
			235,
			218
		]
	]
}