{
	"fps": 40,
	"elements": [
		{
			"position": [
				415.65,
				189.2
			],
			"name": "zombiewalk1",
			"frame": 1,
			"type": "zombiewalk"
		},
		{
			"position": [
				362.75,
				382.2
			],
			"name": "run2",
			"frame": 1,
			"type": "run"
		},
		{
			"position": [
				534.4,
				158.4
			],
			"name": "ball3",
			"frame": 1,
			"type": "ball"
		},
		{
			"position": [
				201.45,
				189.2
			],
			"name": "zombiedead4",
			"frame": 1,
			"type": "zombiedead"
		},
		{
			"position": [
				142.75,
				382.2
			],
			"name": "stand5",
			"frame": 1,
			"type": "stand"
		},
		{
			"position": [
				542.85,
				361.2
			],
			"name": "gameover6",
			"frame": 1,
			"type": "gameover"
		},
		{
			"position": [
				626.1,
				270.5
			],
			"name": "terrain7",
			"frame": 1,
			"type": "terrain"
		},
		{
			"position": [
				168.1,
				511.8
			],
			"name": "cage8",
			"frame": 1,
			"type": "cage"
		},
		{
			"position": [
				643.2,
				146.4
			],
			"name": "zombiedead9",
			"frame": 1,
			"type": "zombiedead"
		}
	],
	"backgroundColor": "#9933",
	"sprites": {
		"run2": {
			"frameCount": 30,
			"frames": [
				{
					"label": "RUN",
					"frame": 1,
					"tag": 0,
					"rect": [
						[
							-109.65,
							42.4
						],
						[
							76.85,
							42.4
						],
						[
							76.85,
							-75.6
						],
						[
							-109.65,
							-75.6
						]
					]
				},
				{
					"frame": 2,
					"tag": 1,
					"rect": [
						[
							-117.15,
							46.95
						],
						[
							84.3,
							46.95
						],
						[
							84.3,
							-80
						],
						[
							-117.15,
							-80
						]
					]
				},
				{
					"frame": 3,
					"tag": 2,
					"rect": [
						[
							-123.45,
							51.3
						],
						[
							90.05,
							51.3
						],
						[
							90.05,
							-83.7
						],
						[
							-123.45,
							-83.7
						]
					]
				},
				{
					"frame": 4,
					"tag": 3,
					"rect": [
						[
							-128.55,
							54.4
						],
						[
							94.9,
							54.4
						],
						[
							94.9,
							-86.55
						],
						[
							-128.55,
							-86.55
						]
					]
				},
				{
					"frame": 5,
					"tag": 4,
					"rect": [
						[
							-132.6,
							57.25
						],
						[
							98.9,
							57.25
						],
						[
							98.9,
							-89.25
						],
						[
							-132.6,
							-89.25
						]
					]
				},
				{
					"frame": 6,
					"tag": 5,
					"rect": [
						[
							-135.5,
							59.3
						],
						[
							101.95,
							59.3
						],
						[
							101.95,
							-90.65
						],
						[
							-135.5,
							-90.65
						]
					]
				},
				{
					"frame": 7,
					"tag": 6,
					"rect": [
						[
							-137.25,
							60.2
						],
						[
							103.7,
							60.2
						],
						[
							103.7,
							-91.75
						],
						[
							-137.25,
							-91.75
						]
					]
				},
				{
					"frame": 8,
					"tag": 7,
					"rect": [
						[
							-137.65,
							60.8
						],
						[
							103.8,
							60.8
						],
						[
							103.8,
							-92.15
						],
						[
							-137.65,
							-92.15
						]
					]
				},
				{
					"frame": 9,
					"tag": 8,
					"rect": [
						[
							-137.1,
							60.25
						],
						[
							103.4,
							60.25
						],
						[
							103.4,
							-91.75
						],
						[
							-137.1,
							-91.75
						]
					]
				},
				{
					"frame": 10,
					"tag": 9,
					"rect": [
						[
							-135.45,
							59.35
						],
						[
							101.55,
							59.35
						],
						[
							101.55,
							-90.65
						],
						[
							-135.45,
							-90.65
						]
					]
				},
				{
					"frame": 11,
					"tag": 10,
					"rect": [
						[
							-132.5,
							57.3
						],
						[
							99,
							57.3
						],
						[
							99,
							-88.7
						],
						[
							-132.5,
							-88.7
						]
					]
				},
				{
					"frame": 12,
					"tag": 11,
					"rect": [
						[
							-128.5,
							54.95
						],
						[
							95,
							54.95
						],
						[
							95,
							-86.55
						],
						[
							-128.5,
							-86.55
						]
					]
				},
				{
					"frame": 13,
					"tag": 12,
					"rect": [
						[
							-123.35,
							51.3
						],
						[
							90.15,
							51.3
						],
						[
							90.15,
							-83.7
						],
						[
							-123.35,
							-83.7
						]
					]
				},
				{
					"frame": 14,
					"tag": 13,
					"rect": [
						[
							-117.1,
							46.95
						],
						[
							83.85,
							46.95
						],
						[
							83.85,
							-80
						],
						[
							-117.1,
							-80
						]
					]
				},
				{
					"frame": 15,
					"tag": 0,
					"rect": [
						[
							-109.65,
							42.4
						],
						[
							76.85,
							42.4
						],
						[
							76.85,
							-75.6
						],
						[
							-109.65,
							-75.6
						]
					]
				},
				{
					"frame": 16,
					"tag": 14,
					"rect": [
						[
							-71.7,
							42.4
						],
						[
							114.8,
							42.4
						],
						[
							114.8,
							-75.6
						],
						[
							-71.7,
							-75.6
						]
					]
				},
				{
					"frame": 17,
					"tag": 15,
					"rect": [
						[
							-79.25,
							47.55
						],
						[
							122.75,
							47.55
						],
						[
							122.75,
							-80.4
						],
						[
							-79.25,
							-80.4
						]
					]
				},
				{
					"frame": 18,
					"tag": 16,
					"rect": [
						[
							-86.05,
							52.05
						],
						[
							129.45,
							52.05
						],
						[
							129.45,
							-84.45
						],
						[
							-86.05,
							-84.45
						]
					]
				},
				{
					"frame": 19,
					"tag": 17,
					"rect": [
						[
							-91.75,
							55.8
						],
						[
							135.25,
							55.8
						],
						[
							135.25,
							-87.7
						],
						[
							-91.75,
							-87.7
						]
					]
				},
				{
					"frame": 20,
					"tag": 18,
					"rect": [
						[
							-95.55,
							58.4
						],
						[
							139.4,
							58.4
						],
						[
							139.4,
							-90.05
						],
						[
							-95.55,
							-90.05
						]
					]
				},
				{
					"frame": 21,
					"tag": 19,
					"rect": [
						[
							-98.6,
							60.4
						],
						[
							142.85,
							60.4
						],
						[
							142.85,
							-92.05
						],
						[
							-98.6,
							-92.05
						]
					]
				},
				{
					"frame": 22,
					"tag": 20,
					"rect": [
						[
							-100.5,
							61.65
						],
						[
							144.45,
							61.65
						],
						[
							144.45,
							-93.3
						],
						[
							-100.5,
							-93.3
						]
					]
				},
				{
					"frame": 23,
					"tag": 21,
					"rect": [
						[
							-101.1,
							62.3
						],
						[
							145.4,
							62.3
						],
						[
							145.4,
							-93.2
						],
						[
							-101.1,
							-93.2
						]
					]
				},
				{
					"frame": 24,
					"tag": 22,
					"rect": [
						[
							-100.45,
							61.65
						],
						[
							144.5,
							61.65
						],
						[
							144.5,
							-93.3
						],
						[
							-100.45,
							-93.3
						]
					]
				},
				{
					"frame": 25,
					"tag": 23,
					"rect": [
						[
							-98.55,
							60.95
						],
						[
							142.45,
							60.95
						],
						[
							142.45,
							-92.05
						],
						[
							-98.55,
							-92.05
						]
					]
				},
				{
					"frame": 26,
					"tag": 24,
					"rect": [
						[
							-95.5,
							58.4
						],
						[
							139.45,
							58.4
						],
						[
							139.45,
							-90.05
						],
						[
							-95.5,
							-90.05
						]
					]
				},
				{
					"frame": 27,
					"tag": 25,
					"rect": [
						[
							-91.65,
							55.85
						],
						[
							135.35,
							55.85
						],
						[
							135.35,
							-87.65
						],
						[
							-91.65,
							-87.65
						]
					]
				},
				{
					"frame": 28,
					"tag": 26,
					"rect": [
						[
							-86.05,
							52
						],
						[
							129.4,
							52
						],
						[
							129.4,
							-84.45
						],
						[
							-86.05,
							-84.45
						]
					]
				},
				{
					"frame": 29,
					"tag": 27,
					"rect": [
						[
							-79.2,
							47.65
						],
						[
							122.8,
							47.65
						],
						[
							122.8,
							-80.35
						],
						[
							-79.2,
							-80.35
						]
					]
				},
				{
					"frame": 30,
					"tag": 14,
					"rect": [
						[
							-71.7,
							42.4
						],
						[
							114.8,
							42.4
						],
						[
							114.8,
							-75.6
						],
						[
							-71.7,
							-75.6
						]
					]
				}
			],
			"type": "run",
			"collisionBox": [
				326.6,
				349.15,
				92.25,
				55.950000000000045
			],
			"sprites": [
				[
					"run",
					0,
					0,
					374,
					237
				],
				[
					"run",
					374,
					0,
					404,
					255
				],
				[
					"run",
					778,
					0,
					428,
					271
				],
				[
					"run",
					1206,
					0,
					448,
					283
				],
				[
					"run",
					1654,
					0,
					464,
					294
				],
				[
					"run",
					0,
					294,
					476,
					301
				],
				[
					"run",
					476,
					294,
					483,
					305
				],
				[
					"run",
					959,
					294,
					484,
					307
				],
				[
					"run",
					1443,
					294,
					482,
					305
				],
				[
					"run",
					1925,
					294,
					475,
					301
				],
				[
					"run",
					0,
					601,
					464,
					293
				],
				[
					"run",
					464,
					601,
					448,
					284
				],
				[
					"run",
					912,
					601,
					428,
					271
				],
				[
					"run",
					1340,
					601,
					403,
					255
				],
				[
					"run",
					1743,
					601,
					374,
					237
				],
				[
					"run",
					2117,
					601,
					405,
					257
				],
				[
					"run",
					0,
					894,
					432,
					274
				],
				[
					"run",
					432,
					894,
					455,
					288
				],
				[
					"run",
					887,
					894,
					471,
					298
				],
				[
					"run",
					1358,
					894,
					484,
					306
				],
				[
					"run",
					1842,
					894,
					491,
					311
				],
				[
					"run",
					0,
					1205,
					494,
					312
				],
				[
					"run",
					494,
					1205,
					491,
					311
				],
				[
					"run",
					985,
					1205,
					483,
					307
				],
				[
					"run",
					1468,
					1205,
					471,
					298
				],
				[
					"run",
					1939,
					1205,
					455,
					288
				],
				[
					"run",
					0,
					1517,
					432,
					274
				],
				[
					"run",
					432,
					1517,
					405,
					257
				]
			]
		},
		"zombiedead9": {
			"frameCount": 23,
			"frames": [
				{
					"frame": 1,
					"tag": 0,
					"rect": [
						[
							-96.15,
							25.8
						],
						[
							100.3,
							25.8
						],
						[
							100.3,
							-172.15
						],
						[
							-96.15,
							-172.15
						]
					]
				},
				{
					"frame": 2,
					"tag": 1,
					"rect": [
						[
							-97.15,
							25.8
						],
						[
							98.3,
							25.8
						],
						[
							98.3,
							-168.65
						],
						[
							-97.15,
							-168.65
						]
					]
				},
				{
					"frame": 3,
					"tag": 2,
					"rect": [
						[
							-97.65,
							25.8
						],
						[
							96.8,
							25.8
						],
						[
							96.8,
							-165.15
						],
						[
							-97.65,
							-165.15
						]
					]
				},
				{
					"frame": 4,
					"tag": 3,
					"rect": [
						[
							-98.65,
							25.8
						],
						[
							95.3,
							25.8
						],
						[
							95.3,
							-167.15
						],
						[
							-98.65,
							-167.15
						]
					]
				},
				{
					"frame": 5,
					"tag": 4,
					"rect": [
						[
							-99.65,
							25.8
						],
						[
							94.3,
							25.8
						],
						[
							94.3,
							-170.65
						],
						[
							-99.65,
							-170.65
						]
					]
				},
				{
					"frame": 6,
					"tag": 5,
					"rect": [
						[
							-100.65,
							25.8
						],
						[
							110.3,
							25.8
						],
						[
							110.3,
							-174.15
						],
						[
							-100.65,
							-174.15
						]
					]
				},
				{
					"frame": 7,
					"tag": 6,
					"rect": [
						[
							-101.65,
							25.85
						],
						[
							109.3,
							25.85
						],
						[
							109.3,
							-177.6
						],
						[
							-101.65,
							-177.6
						]
					]
				},
				{
					"frame": 8,
					"tag": 7,
					"rect": [
						[
							-102.15,
							25.8
						],
						[
							107.3,
							25.8
						],
						[
							107.3,
							-163.65
						],
						[
							-102.15,
							-163.65
						]
					]
				},
				{
					"frame": 9,
					"tag": 8,
					"rect": [
						[
							-103.15,
							25.8
						],
						[
							105.3,
							25.8
						],
						[
							105.3,
							-160.65
						],
						[
							-103.15,
							-160.65
						]
					]
				},
				{
					"frame": 10,
					"tag": 9,
					"rect": [
						[
							-104.15,
							25.8
						],
						[
							103.8,
							25.8
						],
						[
							103.8,
							-158.15
						],
						[
							-104.15,
							-158.15
						]
					]
				},
				{
					"frame": 11,
					"tag": 10,
					"rect": [
						[
							-104.95,
							25.8
						],
						[
							102.05,
							25.8
						],
						[
							102.05,
							-158.15
						],
						[
							-104.95,
							-158.15
						]
					]
				},
				{
					"frame": 12,
					"tag": 0,
					"rect": [
						[
							-96.15,
							25.8
						],
						[
							100.3,
							25.8
						],
						[
							100.3,
							-172.15
						],
						[
							-96.15,
							-172.15
						]
					]
				},
				{
					"frame": 13,
					"tag": 1,
					"rect": [
						[
							-97.15,
							25.8
						],
						[
							98.3,
							25.8
						],
						[
							98.3,
							-168.65
						],
						[
							-97.15,
							-168.65
						]
					]
				},
				{
					"frame": 14,
					"tag": 2,
					"rect": [
						[
							-97.65,
							25.8
						],
						[
							96.8,
							25.8
						],
						[
							96.8,
							-165.15
						],
						[
							-97.65,
							-165.15
						]
					]
				},
				{
					"frame": 15,
					"tag": 3,
					"rect": [
						[
							-98.65,
							25.8
						],
						[
							95.3,
							25.8
						],
						[
							95.3,
							-167.15
						],
						[
							-98.65,
							-167.15
						]
					]
				},
				{
					"frame": 16,
					"tag": 4,
					"rect": [
						[
							-99.65,
							25.8
						],
						[
							94.3,
							25.8
						],
						[
							94.3,
							-170.65
						],
						[
							-99.65,
							-170.65
						]
					]
				},
				{
					"frame": 17,
					"tag": 5,
					"rect": [
						[
							-100.65,
							25.8
						],
						[
							110.3,
							25.8
						],
						[
							110.3,
							-174.15
						],
						[
							-100.65,
							-174.15
						]
					]
				},
				{
					"frame": 18,
					"tag": 6,
					"rect": [
						[
							-101.65,
							25.85
						],
						[
							109.3,
							25.85
						],
						[
							109.3,
							-177.6
						],
						[
							-101.65,
							-177.6
						]
					]
				},
				{
					"frame": 19,
					"tag": 7,
					"rect": [
						[
							-102.15,
							25.8
						],
						[
							107.3,
							25.8
						],
						[
							107.3,
							-163.65
						],
						[
							-102.15,
							-163.65
						]
					]
				},
				{
					"frame": 20,
					"tag": 8,
					"rect": [
						[
							-103.15,
							25.8
						],
						[
							105.3,
							25.8
						],
						[
							105.3,
							-160.65
						],
						[
							-103.15,
							-160.65
						]
					]
				},
				{
					"frame": 21,
					"tag": 9,
					"rect": [
						[
							-104.15,
							25.8
						],
						[
							103.8,
							25.8
						],
						[
							103.8,
							-158.15
						],
						[
							-104.15,
							-158.15
						]
					]
				},
				{
					"frame": 22,
					"tag": 10,
					"rect": [
						[
							-104.95,
							25.8
						],
						[
							102.05,
							25.8
						],
						[
							102.05,
							-158.15
						],
						[
							-104.95,
							-158.15
						]
					]
				},
				{
					"frame": 23,
					"tag": 0,
					"rect": [
						[
							-96.15,
							25.8
						],
						[
							100.3,
							25.8
						],
						[
							100.3,
							-172.15
						],
						[
							-96.15,
							-172.15
						]
					]
				}
			],
			"type": "zombiedead",
			"collisionBox": [
				597.3,
				107.45,
				58.10000000000002,
				35.249999999999986
			],
			"sprites": [
				[
					"zombiedead",
					0,
					0,
					394,
					397
				],
				[
					"zombiedead",
					394,
					0,
					392,
					390
				],
				[
					"zombiedead",
					786,
					0,
					390,
					383
				],
				[
					"zombiedead",
					1176,
					0,
					389,
					387
				],
				[
					"zombiedead",
					1565,
					0,
					389,
					394
				],
				[
					"zombiedead",
					0,
					397,
					423,
					401
				],
				[
					"zombiedead",
					423,
					397,
					423,
					408
				],
				[
					"zombiedead",
					846,
					397,
					420,
					380
				],
				[
					"zombiedead",
					1266,
					397,
					418,
					374
				],
				[
					"zombiedead",
					0,
					805,
					417,
					369
				],
				[
					"zombiedead",
					417,
					805,
					415,
					369
				]
			]
		},
		"gameover6": {
			"frameCount": 40,
			"frames": [
				{
					"label": "STAND",
					"frame": 1,
					"tag": 0,
					"rect": [
						[
							-54.9,
							63.1
						],
						[
							84.05,
							63.1
						],
						[
							84.05,
							-104.85
						],
						[
							-54.9,
							-104.85
						]
					]
				},
				{
					"frame": 2,
					"tag": 1,
					"rect": [
						[
							-55.8,
							63.1
						],
						[
							84.65,
							63.1
						],
						[
							84.65,
							-105.85
						],
						[
							-55.8,
							-105.85
						]
					]
				},
				{
					"frame": 3,
					"tag": 2,
					"rect": [
						[
							-57.2,
							63.45
						],
						[
							84.7,
							63.45
						],
						[
							84.7,
							-106.5
						],
						[
							-57.2,
							-106.5
						]
					]
				},
				{
					"frame": 4,
					"tag": 3,
					"rect": [
						[
							-58.15,
							63.05
						],
						[
							85.35,
							63.05
						],
						[
							85.35,
							-107.4
						],
						[
							-58.15,
							-107.4
						]
					]
				},
				{
					"frame": 5,
					"tag": 4,
					"rect": [
						[
							-59.05,
							63
						],
						[
							85.9,
							63
						],
						[
							85.9,
							-108.4
						],
						[
							-59.05,
							-108.4
						]
					]
				},
				{
					"frame": 6,
					"tag": 5,
					"rect": [
						[
							-60.4,
							63.05
						],
						[
							86.05,
							63.05
						],
						[
							86.05,
							-108.9
						],
						[
							-60.4,
							-108.9
						]
					]
				},
				{
					"frame": 7,
					"tag": 6,
					"rect": [
						[
							-61.25,
							63.25
						],
						[
							86.65,
							63.25
						],
						[
							86.65,
							-109.65
						],
						[
							-61.25,
							-109.65
						]
					]
				},
				{
					"frame": 8,
					"tag": 7,
					"rect": [
						[
							-62.65,
							63.45
						],
						[
							86.8,
							63.45
						],
						[
							86.8,
							-110.5
						],
						[
							-62.65,
							-110.5
						]
					]
				},
				{
					"frame": 9,
					"tag": 8,
					"rect": [
						[
							-63.45,
							63.25
						],
						[
							87,
							63.25
						],
						[
							87,
							-111.25
						],
						[
							-63.45,
							-111.25
						]
					]
				},
				{
					"frame": 10,
					"tag": 9,
					"rect": [
						[
							-64.75,
							63
						],
						[
							87.7,
							63
						],
						[
							87.7,
							-111.9
						],
						[
							-64.75,
							-111.9
						]
					]
				},
				{
					"frame": 11,
					"tag": 10,
					"rect": [
						[
							-65.6,
							63.05
						],
						[
							87.35,
							63.05
						],
						[
							87.35,
							-111.4
						],
						[
							-65.6,
							-111.4
						]
					]
				},
				{
					"frame": 12,
					"tag": 11,
					"rect": [
						[
							-66.9,
							63.25
						],
						[
							88,
							63.25
						],
						[
							88,
							-110.75
						],
						[
							-66.9,
							-110.75
						]
					]
				},
				{
					"frame": 13,
					"tag": 12,
					"rect": [
						[
							-67.75,
							63.35
						],
						[
							88.15,
							63.35
						],
						[
							88.15,
							-110.05
						],
						[
							-67.75,
							-110.05
						]
					]
				},
				{
					"frame": 14,
					"tag": 13,
					"rect": [
						[
							-68.5,
							63
						],
						[
							88.4,
							63
						],
						[
							88.4,
							-109.45
						],
						[
							-68.5,
							-109.45
						]
					]
				},
				{
					"frame": 15,
					"tag": 14,
					"rect": [
						[
							-68.35,
							63.25
						],
						[
							88.55,
							63.25
						],
						[
							88.55,
							-108.7
						],
						[
							-68.35,
							-108.7
						]
					]
				},
				{
					"frame": 16,
					"tag": 15,
					"rect": [
						[
							-67.75,
							63.05
						],
						[
							88.2,
							63.05
						],
						[
							88.2,
							-107.85
						],
						[
							-67.75,
							-107.85
						]
					]
				},
				{
					"frame": 17,
					"tag": 16,
					"rect": [
						[
							-67.55,
							63.3
						],
						[
							88.35,
							63.3
						],
						[
							88.35,
							-107.1
						],
						[
							-67.55,
							-107.1
						]
					]
				},
				{
					"frame": 18,
					"tag": 17,
					"rect": [
						[
							-66.95,
							63.25
						],
						[
							88,
							63.25
						],
						[
							88,
							-106.7
						],
						[
							-66.95,
							-106.7
						]
					]
				},
				{
					"frame": 19,
					"tag": 18,
					"rect": [
						[
							-66.25,
							63.2
						],
						[
							87.65,
							63.2
						],
						[
							87.65,
							-105.75
						],
						[
							-66.25,
							-105.75
						]
					]
				},
				{
					"frame": 20,
					"tag": 19,
					"rect": [
						[
							-65.65,
							63.1
						],
						[
							87.8,
							63.1
						],
						[
							87.8,
							-104.85
						],
						[
							-65.65,
							-104.85
						]
					]
				},
				{
					"frame": 21,
					"tag": 20,
					"rect": [
						[
							-64.95,
							63.4
						],
						[
							87.45,
							63.4
						],
						[
							87.45,
							-105.05
						],
						[
							-64.95,
							-105.05
						]
					]
				},
				{
					"frame": 22,
					"tag": 21,
					"rect": [
						[
							-64.75,
							63.15
						],
						[
							87.2,
							63.15
						],
						[
							87.2,
							-105.3
						],
						[
							-64.75,
							-105.3
						]
					]
				},
				{
					"frame": 23,
					"tag": 22,
					"rect": [
						[
							-64.15,
							63
						],
						[
							87.35,
							63
						],
						[
							87.35,
							-105.45
						],
						[
							-64.15,
							-105.45
						]
					]
				},
				{
					"frame": 24,
					"tag": 23,
					"rect": [
						[
							-63.5,
							63.25
						],
						[
							86.9,
							63.25
						],
						[
							86.9,
							-105.15
						],
						[
							-63.5,
							-105.15
						]
					]
				},
				{
					"frame": 25,
					"tag": 24,
					"rect": [
						[
							-62.85,
							63.2
						],
						[
							86.6,
							63.2
						],
						[
							86.6,
							-105.75
						],
						[
							-62.85,
							-105.75
						]
					]
				},
				{
					"frame": 26,
					"tag": 25,
					"rect": [
						[
							-62.65,
							63.15
						],
						[
							86.8,
							63.15
						],
						[
							86.8,
							-106.3
						],
						[
							-62.65,
							-106.3
						]
					]
				},
				{
					"frame": 27,
					"tag": 26,
					"rect": [
						[
							-61.95,
							63.1
						],
						[
							86.5,
							63.1
						],
						[
							86.5,
							-106.8
						],
						[
							-61.95,
							-106.8
						]
					]
				},
				{
					"frame": 28,
					"tag": 27,
					"rect": [
						[
							-61.25,
							63.3
						],
						[
							86.2,
							63.3
						],
						[
							86.2,
							-107.15
						],
						[
							-61.25,
							-107.15
						]
					]
				},
				{
					"frame": 29,
					"tag": 28,
					"rect": [
						[
							-61.05,
							63.4
						],
						[
							86.35,
							63.4
						],
						[
							86.35,
							-107.5
						],
						[
							-61.05,
							-107.5
						]
					]
				},
				{
					"frame": 30,
					"tag": 29,
					"rect": [
						[
							-60.4,
							63.05
						],
						[
							86.05,
							63.05
						],
						[
							86.05,
							-107.85
						],
						[
							-60.4,
							-107.85
						]
					]
				},
				{
					"frame": 31,
					"tag": 30,
					"rect": [
						[
							-59.7,
							63.4
						],
						[
							85.75,
							63.4
						],
						[
							85.75,
							-107.55
						],
						[
							-59.7,
							-107.55
						]
					]
				},
				{
					"frame": 32,
					"tag": 31,
					"rect": [
						[
							-59.05,
							63.25
						],
						[
							85.9,
							63.25
						],
						[
							85.9,
							-107.2
						],
						[
							-59.05,
							-107.2
						]
					]
				},
				{
					"frame": 33,
					"tag": 32,
					"rect": [
						[
							-58.8,
							63.1
						],
						[
							85.65,
							63.1
						],
						[
							85.65,
							-106.85
						],
						[
							-58.8,
							-106.85
						]
					]
				},
				{
					"frame": 34,
					"tag": 33,
					"rect": [
						[
							-58.15,
							63.2
						],
						[
							85.35,
							63.2
						],
						[
							85.35,
							-106.25
						],
						[
							-58.15,
							-106.25
						]
					]
				},
				{
					"frame": 35,
					"tag": 34,
					"rect": [
						[
							-57.4,
							63.15
						],
						[
							85,
							63.15
						],
						[
							85,
							-105.75
						],
						[
							-57.4,
							-105.75
						]
					]
				},
				{
					"frame": 36,
					"tag": 35,
					"rect": [
						[
							-57.2,
							63.2
						],
						[
							84.7,
							63.2
						],
						[
							84.7,
							-105.2
						],
						[
							-57.2,
							-105.2
						]
					]
				},
				{
					"frame": 37,
					"tag": 36,
					"rect": [
						[
							-56.5,
							63
						],
						[
							84.95,
							63
						],
						[
							84.95,
							-105.45
						],
						[
							-56.5,
							-105.45
						]
					]
				},
				{
					"frame": 38,
					"tag": 37,
					"rect": [
						[
							-55.8,
							63.1
						],
						[
							84.65,
							63.1
						],
						[
							84.65,
							-105.35
						],
						[
							-55.8,
							-105.35
						]
					]
				},
				{
					"frame": 39,
					"tag": 38,
					"rect": [
						[
							-55.55,
							63.4
						],
						[
							84.4,
							63.4
						],
						[
							84.4,
							-105.05
						],
						[
							-55.55,
							-105.05
						]
					]
				},
				{
					"frame": 40,
					"tag": 0,
					"rect": [
						[
							-54.9,
							63.1
						],
						[
							84.05,
							63.1
						],
						[
							84.05,
							-104.85
						],
						[
							-54.9,
							-104.85
						]
					]
				}
			],
			"type": "gameover",
			"collisionBox": [
				517.55,
				333.05,
				73,
				44.25
			],
			"sprites": [
				[
					"gameover",
					0,
					0,
					279,
					337
				],
				[
					"gameover",
					279,
					0,
					282,
					339
				],
				[
					"gameover",
					561,
					0,
					285,
					341
				],
				[
					"gameover",
					846,
					0,
					288,
					342
				],
				[
					"gameover",
					1134,
					0,
					291,
					344
				],
				[
					"gameover",
					1425,
					0,
					294,
					345
				],
				[
					"gameover",
					1719,
					0,
					297,
					347
				],
				[
					"gameover",
					0,
					347,
					300,
					349
				],
				[
					"gameover",
					300,
					347,
					302,
					350
				],
				[
					"gameover",
					602,
					347,
					306,
					351
				],
				[
					"gameover",
					908,
					347,
					307,
					350
				],
				[
					"gameover",
					1215,
					347,
					311,
					349
				],
				[
					"gameover",
					1526,
					347,
					313,
					348
				],
				[
					"gameover",
					1839,
					347,
					315,
					346
				],
				[
					"gameover",
					0,
					698,
					315,
					345
				],
				[
					"gameover",
					315,
					698,
					313,
					343
				],
				[
					"gameover",
					628,
					698,
					313,
					342
				],
				[
					"gameover",
					941,
					698,
					311,
					341
				],
				[
					"gameover",
					1252,
					698,
					309,
					339
				],
				[
					"gameover",
					1561,
					698,
					308,
					337
				],
				[
					"gameover",
					1869,
					698,
					306,
					338
				],
				[
					"gameover",
					0,
					1043,
					305,
					338
				],
				[
					"gameover",
					305,
					1043,
					304,
					338
				],
				[
					"gameover",
					609,
					1043,
					302,
					338
				],
				[
					"gameover",
					911,
					1043,
					300,
					339
				],
				[
					"gameover",
					1211,
					1043,
					300,
					340
				],
				[
					"gameover",
					1511,
					1043,
					298,
					341
				],
				[
					"gameover",
					1809,
					1043,
					296,
					342
				],
				[
					"gameover",
					0,
					1385,
					296,
					343
				],
				[
					"gameover",
					296,
					1385,
					294,
					343
				],
				[
					"gameover",
					590,
					1385,
					292,
					343
				],
				[
					"gameover",
					882,
					1385,
					291,
					342
				],
				[
					"gameover",
					1173,
					1385,
					290,
					341
				],
				[
					"gameover",
					1463,
					1385,
					288,
					340
				],
				[
					"gameover",
					1751,
					1385,
					286,
					339
				],
				[
					"gameover",
					0,
					1728,
					285,
					338
				],
				[
					"gameover",
					285,
					1728,
					284,
					338
				],
				[
					"gameover",
					569,
					1728,
					282,
					338
				],
				[
					"gameover",
					851,
					1728,
					281,
					338
				]
			]
		},
		"zombiedead4": {
			"frameCount": 40,
			"frames": [
				{
					"frame": 1,
					"tag": 0,
					"rect": [
						[
							-106.25,
							54.6
						],
						[
							105.75,
							54.6
						],
						[
							105.75,
							-86.9
						],
						[
							-106.25,
							-86.9
						]
					]
				}
			],
			"type": "zombiedead",
			"collisionBox": [
				174.7,
				145.8,
				55.400000000000006,
				33.599999999999994
			],
			"sprites": [
				[
					"zombiedead",
					832,
					805,
					425,
					284
				]
			]
		},
		"stand5": {
			"frameCount": 29,
			"frames": [
				{
					"label": "STAND",
					"frame": 1,
					"tag": 0,
					"rect": [
						[
							-81.6,
							42.4
						],
						[
							80.4,
							42.4
						],
						[
							80.4,
							-50.1
						],
						[
							-81.6,
							-50.1
						]
					]
				}
			],
			"type": "stand",
			"collisionBox": [
				109.5,
				346.2,
				92.25,
				55.94999999999999
			],
			"sprites": [
				[
					"stand",
					0,
					0,
					325,
					186
				]
			]
		},
		"zombiewalk1": {
			"frameCount": 40,
			"frames": [
				{
					"frame": 1,
					"tag": 0,
					"rect": [
						[
							-58.55,
							53.9
						],
						[
							58.55,
							53.9
						],
						[
							58.55,
							-53.85
						],
						[
							-58.55,
							-53.85
						]
					]
				},
				{
					"frame": 2,
					"tag": 1,
					"rect": [
						[
							-59.95,
							54.8
						],
						[
							57.55,
							54.8
						],
						[
							57.55,
							-53.7
						],
						[
							-59.95,
							-53.7
						]
					]
				},
				{
					"frame": 3,
					"tag": 2,
					"rect": [
						[
							-61.35,
							55.8
						],
						[
							57.1,
							55.8
						],
						[
							57.1,
							-53.65
						],
						[
							-61.35,
							-53.65
						]
					]
				},
				{
					"frame": 4,
					"tag": 3,
					"rect": [
						[
							-62.7,
							57.3
						],
						[
							56.8,
							57.3
						],
						[
							56.8,
							-53.15
						],
						[
							-62.7,
							-53.15
						]
					]
				},
				{
					"frame": 5,
					"tag": 4,
					"rect": [
						[
							-64.05,
							58.35
						],
						[
							56.4,
							58.35
						],
						[
							56.4,
							-53.1
						],
						[
							-64.05,
							-53.1
						]
					]
				},
				{
					"frame": 6,
					"tag": 5,
					"rect": [
						[
							-64.9,
							59.95
						],
						[
							55.6,
							59.95
						],
						[
							55.6,
							-53
						],
						[
							-64.9,
							-53
						]
					]
				},
				{
					"frame": 7,
					"tag": 6,
					"rect": [
						[
							-66,
							61.05
						],
						[
							55.45,
							61.05
						],
						[
							55.45,
							-53.9
						],
						[
							-66,
							-53.9
						]
					]
				},
				{
					"frame": 8,
					"tag": 7,
					"rect": [
						[
							-67.15,
							62.05
						],
						[
							54.85,
							62.05
						],
						[
							54.85,
							-54.4
						],
						[
							-67.15,
							-54.4
						]
					]
				},
				{
					"frame": 9,
					"tag": 8,
					"rect": [
						[
							-68.25,
							63.65
						],
						[
							54.25,
							63.65
						],
						[
							54.25,
							-55.3
						],
						[
							-68.25,
							-55.3
						]
					]
				},
				{
					"frame": 10,
					"tag": 9,
					"rect": [
						[
							-69.3,
							64.85
						],
						[
							54.15,
							64.85
						],
						[
							54.15,
							-56.1
						],
						[
							-69.3,
							-56.1
						]
					]
				},
				{
					"frame": 11,
					"tag": 10,
					"rect": [
						[
							-68.4,
							63.55
						],
						[
							54.1,
							63.55
						],
						[
							54.1,
							-55.4
						],
						[
							-68.4,
							-55.4
						]
					]
				},
				{
					"frame": 12,
					"tag": 11,
					"rect": [
						[
							-67.45,
							62.85
						],
						[
							54.5,
							62.85
						],
						[
							54.5,
							-54.65
						],
						[
							-67.45,
							-54.65
						]
					]
				},
				{
					"frame": 13,
					"tag": 12,
					"rect": [
						[
							-66.45,
							61.15
						],
						[
							55,
							61.15
						],
						[
							55,
							-53.85
						],
						[
							-66.45,
							-53.85
						]
					]
				},
				{
					"frame": 14,
					"tag": 13,
					"rect": [
						[
							-65.5,
							60.35
						],
						[
							55.5,
							60.35
						],
						[
							55.5,
							-53.1
						],
						[
							-65.5,
							-53.1
						]
					]
				},
				{
					"frame": 15,
					"tag": 14,
					"rect": [
						[
							-64.35,
							59.05
						],
						[
							56.1,
							59.05
						],
						[
							56.1,
							-52.9
						],
						[
							-64.35,
							-52.9
						]
					]
				},
				{
					"frame": 16,
					"tag": 15,
					"rect": [
						[
							-63.25,
							58
						],
						[
							56.2,
							58
						],
						[
							56.2,
							-52.95
						],
						[
							-63.25,
							-52.95
						]
					]
				},
				{
					"frame": 17,
					"tag": 16,
					"rect": [
						[
							-62.2,
							56.85
						],
						[
							56.8,
							56.85
						],
						[
							56.8,
							-53.1
						],
						[
							-62.2,
							-53.1
						]
					]
				},
				{
					"frame": 18,
					"tag": 17,
					"rect": [
						[
							-60.9,
							55.75
						],
						[
							57,
							55.75
						],
						[
							57,
							-53.65
						],
						[
							-60.9,
							-53.65
						]
					]
				},
				{
					"frame": 19,
					"tag": 18,
					"rect": [
						[
							-60.15,
							54.85
						],
						[
							57.3,
							54.85
						],
						[
							57.3,
							-53.65
						],
						[
							-60.15,
							-53.65
						]
					]
				},
				{
					"frame": 20,
					"tag": 0,
					"rect": [
						[
							-58.55,
							53.9
						],
						[
							58.55,
							53.9
						],
						[
							58.55,
							-53.85
						],
						[
							-58.55,
							-53.85
						]
					]
				},
				{
					"frame": 21,
					"tag": 19,
					"rect": [
						[
							-57.85,
							54.6
						],
						[
							59.6,
							54.6
						],
						[
							59.6,
							-53.9
						],
						[
							-57.85,
							-53.9
						]
					]
				},
				{
					"frame": 22,
					"tag": 20,
					"rect": [
						[
							-56.75,
							55.6
						],
						[
							60.75,
							55.6
						],
						[
							60.75,
							-53.9
						],
						[
							-56.75,
							-53.9
						]
					]
				},
				{
					"frame": 23,
					"tag": 21,
					"rect": [
						[
							-56,
							56.9
						],
						[
							61.45,
							56.9
						],
						[
							61.45,
							-54.1
						],
						[
							-56,
							-54.1
						]
					]
				},
				{
					"frame": 24,
					"tag": 22,
					"rect": [
						[
							-55.45,
							57.75
						],
						[
							62.5,
							57.75
						],
						[
							62.5,
							-54.25
						],
						[
							-55.45,
							-54.25
						]
					]
				},
				{
					"frame": 25,
					"tag": 23,
					"rect": [
						[
							-54.75,
							58.5
						],
						[
							63.7,
							58.5
						],
						[
							63.7,
							-53.95
						],
						[
							-54.75,
							-53.95
						]
					]
				},
				{
					"frame": 26,
					"tag": 24,
					"rect": [
						[
							-54,
							59.85
						],
						[
							64.45,
							59.85
						],
						[
							64.45,
							-54.15
						],
						[
							-54,
							-54.15
						]
					]
				},
				{
					"frame": 27,
					"tag": 25,
					"rect": [
						[
							-53.55,
							60.6
						],
						[
							65.4,
							60.6
						],
						[
							65.4,
							-53.9
						],
						[
							-53.55,
							-53.9
						]
					]
				},
				{
					"frame": 28,
					"tag": 26,
					"rect": [
						[
							-54.45,
							62.05
						],
						[
							66.45,
							62.05
						],
						[
							66.45,
							-53.9
						],
						[
							-54.45,
							-53.9
						]
					]
				},
				{
					"frame": 29,
					"tag": 27,
					"rect": [
						[
							-54.8,
							62.55
						],
						[
							67.15,
							62.55
						],
						[
							67.15,
							-53.85
						],
						[
							-54.8,
							-53.85
						]
					]
				},
				{
					"frame": 30,
					"tag": 28,
					"rect": [
						[
							-55.6,
							63.55
						],
						[
							67.9,
							63.55
						],
						[
							67.9,
							-53.9
						],
						[
							-55.6,
							-53.9
						]
					]
				},
				{
					"frame": 31,
					"tag": 29,
					"rect": [
						[
							-54.75,
							62.55
						],
						[
							67.2,
							62.55
						],
						[
							67.2,
							-53.85
						],
						[
							-54.75,
							-53.85
						]
					]
				},
				{
					"frame": 32,
					"tag": 30,
					"rect": [
						[
							-54.45,
							61.6
						],
						[
							66.05,
							61.6
						],
						[
							66.05,
							-53.85
						],
						[
							-54.45,
							-53.85
						]
					]
				},
				{
					"frame": 33,
					"tag": 31,
					"rect": [
						[
							-53.5,
							60.6
						],
						[
							65.45,
							60.6
						],
						[
							65.45,
							-53.85
						],
						[
							-53.5,
							-53.85
						]
					]
				},
				{
					"frame": 34,
					"tag": 32,
					"rect": [
						[
							-53.95,
							59.85
						],
						[
							64.5,
							59.85
						],
						[
							64.5,
							-54.1
						],
						[
							-53.95,
							-54.1
						]
					]
				},
				{
					"frame": 35,
					"tag": 33,
					"rect": [
						[
							-54.7,
							59.05
						],
						[
							63.3,
							59.05
						],
						[
							63.3,
							-53.95
						],
						[
							-54.7,
							-53.95
						]
					]
				},
				{
					"frame": 36,
					"tag": 34,
					"rect": [
						[
							-55.35,
							57.75
						],
						[
							62.55,
							57.75
						],
						[
							62.55,
							-54.25
						],
						[
							-55.35,
							-54.25
						]
					]
				},
				{
					"frame": 37,
					"tag": 35,
					"rect": [
						[
							-55.9,
							56.95
						],
						[
							61.5,
							56.95
						],
						[
							61.5,
							-54
						],
						[
							-55.9,
							-54
						]
					]
				},
				{
					"frame": 38,
					"tag": 36,
					"rect": [
						[
							-56.65,
							55.65
						],
						[
							60.35,
							55.65
						],
						[
							60.35,
							-53.85
						],
						[
							-56.65,
							-53.85
						]
					]
				},
				{
					"frame": 39,
					"tag": 37,
					"rect": [
						[
							-57.75,
							54.65
						],
						[
							59.2,
							54.65
						],
						[
							59.2,
							-53.8
						],
						[
							-57.75,
							-53.8
						]
					]
				},
				{
					"frame": 40,
					"tag": 0,
					"rect": [
						[
							-58.55,
							53.9
						],
						[
							58.55,
							53.9
						],
						[
							58.55,
							-53.85
						],
						[
							-58.55,
							-53.85
						]
					]
				}
			],
			"type": "zombiewalk",
			"collisionBox": [
				391.7,
				189.2,
				55.400000000000034,
				33.60000000000002
			],
			"sprites": [
				[
					"zombiewalk",
					0,
					0,
					234,
					215
				],
				[
					"zombiewalk",
					234,
					0,
					236,
					218
				],
				[
					"zombiewalk",
					470,
					0,
					238,
					220
				],
				[
					"zombiewalk",
					708,
					0,
					240,
					222
				],
				[
					"zombiewalk",
					948,
					0,
					242,
					224
				],
				[
					"zombiewalk",
					1190,
					0,
					242,
					227
				],
				[
					"zombiewalk",
					0,
					227,
					244,
					231
				],
				[
					"zombiewalk",
					244,
					227,
					245,
					234
				],
				[
					"zombiewalk",
					489,
					227,
					246,
					239
				],
				[
					"zombiewalk",
					735,
					227,
					248,
					243
				],
				[
					"zombiewalk",
					983,
					227,
					246,
					239
				],
				[
					"zombiewalk",
					1229,
					227,
					245,
					236
				],
				[
					"zombiewalk",
					0,
					470,
					244,
					231
				],
				[
					"zombiewalk",
					244,
					470,
					243,
					228
				],
				[
					"zombiewalk",
					487,
					470,
					242,
					225
				],
				[
					"zombiewalk",
					729,
					470,
					240,
					223
				],
				[
					"zombiewalk",
					969,
					470,
					239,
					221
				],
				[
					"zombiewalk",
					1208,
					470,
					237,
					220
				],
				[
					"zombiewalk",
					0,
					701,
					236,
					218
				],
				[
					"zombiewalk",
					236,
					701,
					236,
					218
				],
				[
					"zombiewalk",
					472,
					701,
					236,
					220
				],
				[
					"zombiewalk",
					708,
					701,
					236,
					223
				],
				[
					"zombiewalk",
					944,
					701,
					237,
					225
				],
				[
					"zombiewalk",
					1181,
					701,
					238,
					226
				],
				[
					"zombiewalk",
					1419,
					701,
					238,
					229
				],
				[
					"zombiewalk",
					0,
					930,
					239,
					230
				],
				[
					"zombiewalk",
					239,
					930,
					243,
					233
				],
				[
					"zombiewalk",
					482,
					930,
					245,
					234
				],
				[
					"zombiewalk",
					727,
					930,
					248,
					236
				],
				[
					"zombiewalk",
					975,
					930,
					245,
					234
				],
				[
					"zombiewalk",
					1220,
					930,
					242,
					232
				],
				[
					"zombiewalk",
					0,
					1166,
					239,
					230
				],
				[
					"zombiewalk",
					239,
					1166,
					238,
					229
				],
				[
					"zombiewalk",
					477,
					1166,
					237,
					227
				],
				[
					"zombiewalk",
					714,
					1166,
					237,
					225
				],
				[
					"zombiewalk",
					951,
					1166,
					236,
					223
				],
				[
					"zombiewalk",
					1187,
					1166,
					235,
					220
				],
				[
					"zombiewalk",
					1422,
					1166,
					235,
					218
				]
			]
		},
		"terrain7": {
			"frameCount": 2,
			"frames": [
				{
					"frame": 1,
					"tag": 0,
					"rect": [
						[
							-149.6,
							212.5
						],
						[
							149.55,
							212.5
						],
						[
							149.55,
							-212.5
						],
						[
							-149.6,
							-212.5
						]
					]
				}
			],
			"type": "terrain",
			"collisionBox": [
				653.45,
				205.9,
				65.59999999999991,
				39.75
			],
			"sprites": [
				[
					"terrain",
					0,
					0,
					598,
					850
				]
			]
		},
		"ball3": {
			"frameCount": 30,
			"frames": [
				{
					"frame": 1,
					"tag": 0,
					"rect": [
						[
							-34.25,
							70.8
						],
						[
							21.75,
							70.8
						],
						[
							21.75,
							14.8
						],
						[
							-34.25,
							14.8
						]
					]
				},
				{
					"frame": 2,
					"tag": 1,
					"rect": [
						[
							-34.25,
							70.7
						],
						[
							21.75,
							70.7
						],
						[
							21.75,
							15.2
						],
						[
							-34.25,
							15.2
						]
					]
				},
				{
					"frame": 3,
					"tag": 2,
					"rect": [
						[
							-34.25,
							71.15
						],
						[
							21.75,
							71.15
						],
						[
							21.75,
							15.15
						],
						[
							-34.25,
							15.15
						]
					]
				},
				{
					"frame": 4,
					"tag": 3,
					"rect": [
						[
							-34.25,
							71.05
						],
						[
							21.75,
							71.05
						],
						[
							21.75,
							15.05
						],
						[
							-34.25,
							15.05
						]
					]
				},
				{
					"frame": 5,
					"tag": 4,
					"rect": [
						[
							-34.25,
							71
						],
						[
							21.75,
							71
						],
						[
							21.75,
							15
						],
						[
							-34.25,
							15
						]
					]
				},
				{
					"frame": 6,
					"tag": 5,
					"rect": [
						[
							-34.25,
							70.9
						],
						[
							21.75,
							70.9
						],
						[
							21.75,
							14.9
						],
						[
							-34.25,
							14.9
						]
					]
				},
				{
					"frame": 7,
					"tag": 6,
					"rect": [
						[
							-34.25,
							70.8
						],
						[
							21.75,
							70.8
						],
						[
							21.75,
							14.85
						],
						[
							-34.25,
							14.85
						]
					]
				},
				{
					"frame": 8,
					"tag": 7,
					"rect": [
						[
							-34.25,
							70.75
						],
						[
							21.75,
							70.75
						],
						[
							21.75,
							15.25
						],
						[
							-34.25,
							15.25
						]
					]
				},
				{
					"frame": 9,
					"tag": 8,
					"rect": [
						[
							-34.25,
							70.65
						],
						[
							21.75,
							70.65
						],
						[
							21.75,
							15.15
						],
						[
							-34.25,
							15.15
						]
					]
				},
				{
					"frame": 10,
					"tag": 9,
					"rect": [
						[
							-34.25,
							71.1
						],
						[
							21.75,
							71.1
						],
						[
							21.75,
							15.1
						],
						[
							-34.25,
							15.1
						]
					]
				},
				{
					"frame": 11,
					"tag": 10,
					"rect": [
						[
							-34.25,
							71
						],
						[
							21.75,
							71
						],
						[
							21.75,
							15
						],
						[
							-34.25,
							15
						]
					]
				},
				{
					"frame": 12,
					"tag": 11,
					"rect": [
						[
							-34.25,
							70.95
						],
						[
							21.75,
							70.95
						],
						[
							21.75,
							14.95
						],
						[
							-34.25,
							14.95
						]
					]
				},
				{
					"frame": 13,
					"tag": 12,
					"rect": [
						[
							-34.25,
							70.85
						],
						[
							21.75,
							70.85
						],
						[
							21.75,
							14.85
						],
						[
							-34.25,
							14.85
						]
					]
				},
				{
					"frame": 14,
					"tag": 13,
					"rect": [
						[
							-34.25,
							70.75
						],
						[
							21.75,
							70.75
						],
						[
							21.75,
							15.25
						],
						[
							-34.25,
							15.25
						]
					]
				},
				{
					"frame": 15,
					"tag": 14,
					"rect": [
						[
							-34.25,
							70.7
						],
						[
							21.75,
							70.7
						],
						[
							21.75,
							15.2
						],
						[
							-34.25,
							15.2
						]
					]
				},
				{
					"frame": 16,
					"tag": 15,
					"rect": [
						[
							-34.25,
							71.1
						],
						[
							21.75,
							71.1
						],
						[
							21.75,
							15.1
						],
						[
							-34.25,
							15.1
						]
					]
				},
				{
					"frame": 17,
					"tag": 16,
					"rect": [
						[
							-34.25,
							71.05
						],
						[
							21.75,
							71.05
						],
						[
							21.75,
							15.05
						],
						[
							-34.25,
							15.05
						]
					]
				},
				{
					"frame": 18,
					"tag": 17,
					"rect": [
						[
							-34.25,
							70.95
						],
						[
							21.75,
							70.95
						],
						[
							21.75,
							14.95
						],
						[
							-34.25,
							14.95
						]
					]
				},
				{
					"frame": 19,
					"tag": 18,
					"rect": [
						[
							-34.25,
							70.85
						],
						[
							21.75,
							70.85
						],
						[
							21.75,
							14.9
						],
						[
							-34.25,
							14.9
						]
					]
				},
				{
					"frame": 20,
					"tag": 19,
					"rect": [
						[
							-34.25,
							70.8
						],
						[
							21.75,
							70.8
						],
						[
							21.75,
							14.8
						],
						[
							-34.25,
							14.8
						]
					]
				},
				{
					"frame": 21,
					"tag": 20,
					"rect": [
						[
							-34.25,
							70.7
						],
						[
							21.75,
							70.7
						],
						[
							21.75,
							15.2
						],
						[
							-34.25,
							15.2
						]
					]
				},
				{
					"frame": 22,
					"tag": 21,
					"rect": [
						[
							-34.25,
							71.15
						],
						[
							21.75,
							71.15
						],
						[
							21.75,
							15.15
						],
						[
							-34.25,
							15.15
						]
					]
				},
				{
					"frame": 23,
					"tag": 22,
					"rect": [
						[
							-34.25,
							71.05
						],
						[
							21.75,
							71.05
						],
						[
							21.75,
							15.05
						],
						[
							-34.25,
							15.05
						]
					]
				},
				{
					"frame": 24,
					"tag": 23,
					"rect": [
						[
							-34.25,
							71
						],
						[
							21.75,
							71
						],
						[
							21.75,
							15
						],
						[
							-34.25,
							15
						]
					]
				},
				{
					"frame": 25,
					"tag": 24,
					"rect": [
						[
							-34.25,
							70.9
						],
						[
							21.75,
							70.9
						],
						[
							21.75,
							14.9
						],
						[
							-34.25,
							14.9
						]
					]
				},
				{
					"frame": 26,
					"tag": 25,
					"rect": [
						[
							-34.25,
							70.85
						],
						[
							21.75,
							70.85
						],
						[
							21.75,
							14.85
						],
						[
							-34.25,
							14.85
						]
					]
				},
				{
					"frame": 27,
					"tag": 26,
					"rect": [
						[
							-34.25,
							70.75
						],
						[
							21.75,
							70.75
						],
						[
							21.75,
							15.25
						],
						[
							-34.25,
							15.25
						]
					]
				},
				{
					"frame": 28,
					"tag": 27,
					"rect": [
						[
							-34.25,
							70.65
						],
						[
							21.75,
							70.65
						],
						[
							21.75,
							15.15
						],
						[
							-34.25,
							15.15
						]
					]
				},
				{
					"frame": 29,
					"tag": 28,
					"rect": [
						[
							-34.25,
							71.1
						],
						[
							21.75,
							71.1
						],
						[
							21.75,
							15.1
						],
						[
							-34.25,
							15.1
						]
					]
				},
				{
					"frame": 30,
					"tag": 29,
					"rect": [
						[
							-34.25,
							71
						],
						[
							21.75,
							71
						],
						[
							21.75,
							15
						],
						[
							-34.25,
							15
						]
					]
				}
			],
			"type": "ball",
			"collisionBox": [
				508.4,
				195,
				15.399999999999975,
				9.300000000000011
			],
			"sprites": [
				[
					"ball",
					0,
					0,
					113,
					113
				],
				[
					"ball",
					113,
					0,
					113,
					112
				],
				[
					"ball",
					226,
					0,
					113,
					113
				],
				[
					"ball",
					339,
					0,
					113,
					113
				],
				[
					"ball",
					452,
					0,
					113,
					113
				],
				[
					"ball",
					565,
					0,
					113,
					113
				],
				[
					"ball",
					0,
					113,
					113,
					113
				],
				[
					"ball",
					113,
					113,
					113,
					112
				],
				[
					"ball",
					226,
					113,
					113,
					112
				],
				[
					"ball",
					339,
					113,
					113,
					113
				],
				[
					"ball",
					452,
					113,
					113,
					113
				],
				[
					"ball",
					565,
					113,
					113,
					113
				],
				[
					"ball",
					0,
					226,
					113,
					113
				],
				[
					"ball",
					113,
					226,
					113,
					112
				],
				[
					"ball",
					226,
					226,
					113,
					112
				],
				[
					"ball",
					339,
					226,
					113,
					113
				],
				[
					"ball",
					452,
					226,
					113,
					113
				],
				[
					"ball",
					565,
					226,
					113,
					113
				],
				[
					"ball",
					0,
					339,
					113,
					113
				],
				[
					"ball",
					113,
					339,
					113,
					113
				],
				[
					"ball",
					226,
					339,
					113,
					112
				],
				[
					"ball",
					339,
					339,
					113,
					113
				],
				[
					"ball",
					452,
					339,
					113,
					113
				],
				[
					"ball",
					565,
					339,
					113,
					113
				],
				[
					"ball",
					0,
					452,
					113,
					113
				],
				[
					"ball",
					113,
					452,
					113,
					113
				],
				[
					"ball",
					226,
					452,
					113,
					112
				],
				[
					"ball",
					339,
					452,
					113,
					112
				],
				[
					"ball",
					452,
					452,
					113,
					113
				],
				[
					"ball",
					565,
					452,
					113,
					113
				]
			]
		},
		"cage8": {
			"frameCount": 2,
			"frames": [
				{
					"frame": 1,
					"tag": 0,
					"rect": [
						[
							-116.45,
							54.5
						],
						[
							116.45,
							54.5
						],
						[
							116.45,
							-54.45
						],
						[
							-116.45,
							-54.45
						]
					]
				}
			],
			"type": "cage",
			"collisionBox": [
				126.65,
				485.85,
				92.25,
				55.94999999999993
			],
			"sprites": [
				[
					"cage",
					0,
					0,
					465,
					217
				]
			]
		}
	},
	"size": [
		800,
		600
	]
}